name,div,num_date,clade_membership,subclade,accession_ha,country,haplotype
A/Maldives/2147/2024,0.0301,2024.802,2a.3a.1,J.1.1,EPI3956202,Maldives,J.1.1:I214T
A/Nevada/216/2024,0.0301,2024.843,2a.3a.1,J.2,EPI3732472,Usa,J.2:R261Q
A/CoteDIvoire/4448/2024,0.033,2024.827,2a.3a.1,J.2.1,EPI3842938,Cote D Ivoire,J.2.1:T135K-R141K
A/Minnesota/133/2024,0.0324,2024.865,2a.3a.1,J.2.1,EPI3731781,Usa,J.2.1
A/Colombia/1851/2024,0.0307,2024.903,2a.3a.1,J.2,EPI3956321,Colombia,J.2:N145S-K189R
A/Colombia/7681/2024,0.0313,2024.805,2a.3a.1,J.2,EPI3731632,Colombia,J.2:N145S
A/Washington/284/2024,0.0313,2024.837,2a.3a.1,J.2,EPI3731505,Usa,J.2:T135K-N145S-K189R
A/Utah/88/2024,0.0335,2024.878,2a.3a.1,J.2,EPI3732411,Usa,J.2:N145S-V223I-K278R
A/India/Pune-NIV24_3439/2024,0.0341,2024.98,2a.3a.1,J.2,EPI3886613,India,J.2:N145S-V223I-K278R
A/Michigan/120/2024,0.0324,2024.867,2a.3a.1,J.2,EPI3731201,Usa,J.2:I48M-N63S-V112I-N145S-V223I
A/Oregon/265/2024,0.0352,2024.87,2a.3a.1,J.2,EPI3731577,Usa,J.2:R92K-N145S-V223I
A/Texas/15527/2024,0.033,2024.933,2a.3a.1,J.2,EPI4096405,Usa,J.2:I25V-N145S-V223I-D271N
A/Busan/461/2025,0.033,2025.053,2a.3a.1,J.2,EPI4155435,South Korea,J.2:I48V-Q80R-K82R
A/Texas/ISC-1274/2025,0.0329,2025.081,2a.3a.1,J.2,EPI4049504,Usa,J.2:I48V-Q80R-K82R
A/Lisbon/47/2025,0.0324,2025.097,2a.3a.1,J.2,EPI4157962,Portugal,J.2:D104N-T135A
A/Kentucky/57/2024,0.0313,2024.865,2a.3a.1,J.2,EPI3731273,Usa,J.2:D104N-N158K
A/Saskatchewan/RV04835/2024,0.0335,2024.755,2a.3a.1,J.2,EPI3659800,Canada,J.2:S124N-N145S-M168I-Q197R-V204I
A/Colorado/ISC-1416/2024,0.0313,2024.753,2a.3a.1,J.2,EPI3734827,Usa,J.2:N145S-I160M-V204I-V223I
A/Utah/94/2024,0.0318,2024.898,2a.3a.1,J.2,EPI3732440,Usa,J.2:I160M-V204I-V223I
A/Indiana/46/2024,0.0307,2024.884,2a.3a.1,J.2,EPI3731859,Usa,J.2:S124R
A/Hungary/335/2024,0.0296,2024.96,2a.3a.1,J.2,EPI3861657,Hungary,J.2:D291G
A/Queensland/IN000803/2024,0.0313,2024.889,2a.3a.1,J.2.2,EPI3788360,Australia,J.2.2:G62R-P239Q
A/Maldives/2186/2024,0.033,2024.829,2a.3a.1,J.2.2,EPI3955919,Maldives,J.2.2:N145S-P239Q
A/Tasmania/850/2024,0.0324,2024.777,2a.3a.1,J.2.2,EPI3786231,Australia,J.2.2:T65K-N145S-V297I
A/Tasmania/790/2024,0.0324,2024.766,2a.3a.1,J.2.2,EPI3786295,Australia,J.2.2:T65K-N145S-I214T
A/Texas/ISC-1342/2025,0.0347,2025.114,2a.3a.1,J.2.2,EPI4050454,Usa,J.2.2:G49S-T65K-N145S-I214T-V323I
A/Delaware/86/2024,0.0318,2024.745,2a.3a.1,J.2.2,EPI3732038,Usa,J.2.2:T65K-N145S
A/Canberra/648/2024,0.033,2024.846,2a.3a.1,J.2.2,EPI3786327,Australia,J.2.2:T65K-N145S-I160K
A/Texas/ISC-1148/2025,0.0335,2025.034,2a.3a.1,J.2,EPI4047643,Usa,J.2:T135K-N145S
A/Washington/15079/2025,0.0341,2025.034,2a.3a.1,J.2,EPI3957178,Usa,J.2:T135K-N145S-K278R
A/NewMexico/58/2024,0.0324,2024.848,2a.3a.1,J.2,EPI3731482,Usa,J.2:S54R-E83K-N145S
A/Tennessee/99/2024,0.033,2024.846,2a.3a.1,J.2,EPI3731265,Usa,J.2:N63D-N145S
A/Vermont/13/2025,0.0358,2025.037,2a.3a.1,J.2,EPI4045820,Usa,J.2:N8D
A/PuntaArenas/101981/2024,0.0324,2024.963,2a.3a.1,J.2,EPI4047494,Chile,J.2:N8D-N145S
A/Wisconsin/NIRC-IS-1016/2024,0.0347,2024.832,2a.3a.1,J.2,EPI3735324,Usa,J.2:N8D-N63K-N145S-I267V
A/Texas/ISC-1322/2025,0.0347,2025.084,2a.3a.1,J.2,EPI4049481,Usa,J.2:N8D-N94K-N145S
A/Nebraska/31/2024,0.0341,2024.818,2a.3a.1,J.2,EPI3731305,Usa,J.2:N8D-S96I-N145S
A/Trieste/173/2025,0.0358,2025.171,2a.3a.1,J.2,EPI4147971,Italy,J.2:N8D-S9G-S96I-N145S-V223I
