name,div,num_date,clade_membership,subclade,accession_ha,country,haplotype,mutations,lbi,method,date
A/RhodeIsland/66/2024,0.0341,2024.903,2a.3a.1,J.2,EPI3793895,Usa,J.2:S9G-T135K,{},0.633,CK,
A/France/PAC-RELAB-HCL024172122101/2024,0.0335,2024.81,2a.3a.1,J.2,EPI3653394,France,J.2:N8D-S96I,{},0.592,CK,
A/PuntaArenas/83659/2024,0.0335,2024.796,2a.3a.1,J.2,EPI3770269,Chile,J.2:N8D-N63D-S199L,{},0.556,CK,
A/Massachusetts/93/2024,0.0318,2024.807,2a.3a.1,J.2,EPI3758974,Usa,J.2:N8D,{},0.526,CK,
A/Canberra/613/2024,0.033,2024.753,2a.3a.1,J.2.2,EPI3657897,Australia,J.2.2:T65K-N145S-I160K,{},0.517,CK,
A/Wisconsin/NIRC-IS-1016/2024,0.0347,2024.832,2a.3a.1,J.2,EPI3735324,Usa,J.2:N8D-N63K-I267V,{},0.515,CK,
A/Switzerland/860423897313/2023,0.0347,2024.908,2a.3a.1,J.2,EPI3772472,Switzerland,J.2:N8D-S9G-S96I-V223I,{},0.493,CK,
A/Tasmania/836/2024,0.0324,2024.775,2a.3a.1,J.2.2,EPI3667173,Australia,J.2.2:T65K-N145S-V297I,{},0.476,CK,
A/Tasmania/788/2024,0.0313,2024.772,2a.3a.1,J.2.2,EPI3657818,Australia,J.2.2:T65K-S114L,{},0.472,CK,
A/Texas/15550/2024,0.0324,2024.821,2a.3a.1,J.2,EPI4096573,Usa,J.2:S54R-E83K,{},0.47,CK,
A/Indonesia/BIOKES-IMDN985/2024,0.0307,2024.78,2a.3a.1,J.2.2,EPI4071556,Indonesia,J.2.2:T65K,{},0.464,CK,
A/Washington/15245/2025,0.0341,2025.062,2a.3a.1,J.2,EPI4038298,Usa,J.2:T135K-K278R,{},0.464,CK,
A/Queensland/IN000692/2024,0.0307,2024.791,2a.3a.1,J.2.2,EPI3787950,Australia,J.2.2:T65K-N145S,{},0.463,CK,
A/Wisconsin/NIRC-IS-1028/2024,0.0324,2024.881,2a.3a.1,J.2,EPI3735393,Usa,J.2:N63D-F79L,{},0.458,CK,
A/NewYork/191/2024,0.0318,2024.832,2a.3a.1,J.2,EPI3670783,Usa,J.2:S54R,{},0.457,CK,
A/Minnesota/126/2024,0.0324,2024.807,2a.3a.1,J.2.2,EPI3670674,Usa,J.2.2:T65K-Q327L,{},0.443,CK,
A/Texas/ISC-1316/2025,0.0347,2025.084,2a.3a.1,J.2,EPI4049461,Usa,J.2:T135K-K264E,{},0.442,CK,
A/Manitoba/RV04865/2024,0.0318,2024.827,2a.3a.1,J.2.2,EPI3659888,Canada,J.2.2:T65K-N145S-I214T,{},0.44,CK,
A/Minnesota/141/2024,0.0352,2024.862,2a.3a.1,J.2.2,EPI3758592,Usa,J.2.2:G49S-T65K-N145S-I214T-V323M,{},0.437,CK,
A/Ecuador/1385/2024,0.0335,2024.922,2a.3a.1,J.2,EPI4007786,Ecuador,J.2:N8D-V223I,"{'nuc': ['A866G'], 'HA1': ['I267M']}",0.425,CK,
A/Maldives/2147/2024,0.0301,2024.802,2a.3a.1,J.1.1,EPI3956202,Maldives,J.1.1:I214T,,,AL,
A/Nevada/216/2024,0.0301,2024.843,2a.3a.1,J.2,EPI3732472,Usa,J.2:R261Q,,,AL,
A/CoteDIvoire/4448/2024,0.033,2024.827,2a.3a.1,J.2.1,EPI3842938,Cote D Ivoire,J.2.1:T135K-R141K,,,AL,
A/Minnesota/133/2024,0.0324,2024.865,2a.3a.1,J.2.1,EPI3731781,Usa,J.2.1,,,AL,
A/Colombia/1851/2024,0.0307,2024.903,2a.3a.1,J.2,EPI3956321,Colombia,J.2:N145S-K189R,,,AL,
A/Colombia/7681/2024,0.0313,2024.805,2a.3a.1,J.2,EPI3731632,Colombia,J.2:N145S,,,AL,
A/Washington/284/2024,0.0313,2024.837,2a.3a.1,J.2,EPI3731505,Usa,J.2:T135K-N145S-K189R,,,AL,
A/Utah/88/2024,0.0335,2024.878,2a.3a.1,J.2,EPI3732411,Usa,J.2:N145S-V223I-K278R,,,AL,
A/India/Pune-NIV24_3439/2024,0.0341,2024.98,2a.3a.1,J.2,EPI3886613,India,J.2:N145S-V223I-K278R,,,AL,
A/Michigan/120/2024,0.0324,2024.867,2a.3a.1,J.2,EPI3731201,Usa,J.2:I48M-N63S-V112I-N145S-V223I,,,AL,
A/Oregon/265/2024,0.0352,2024.87,2a.3a.1,J.2,EPI3731577,Usa,J.2:R92K-N145S-V223I,,,AL,
A/Texas/15527/2024,0.033,2024.933,2a.3a.1,J.2,EPI4096405,Usa,J.2:I25V-N145S-V223I-D271N,,,AL,
A/Busan/461/2025,0.033,2025.053,2a.3a.1,J.2,EPI4155435,South Korea,J.2:I48V-Q80R-K82R,,,AL,
A/Texas/ISC-1274/2025,0.0329,2025.081,2a.3a.1,J.2,EPI4049504,Usa,J.2:I48V-Q80R-K82R,,,AL,
A/Lisbon/47/2025,0.0324,2025.097,2a.3a.1,J.2,EPI4157962,Portugal,J.2:D104N-T135A,,,AL,
A/Kentucky/57/2024,0.0313,2024.865,2a.3a.1,J.2,EPI3731273,Usa,J.2:D104N-N158K,,,AL,
A/Saskatchewan/RV04835/2024,0.0335,2024.755,2a.3a.1,J.2,EPI3659800,Canada,J.2:S124N-N145S-M168I-Q197R-V204I,,,AL,
A/Colorado/ISC-1416/2024,0.0313,2024.753,2a.3a.1,J.2,EPI3734827,Usa,J.2:N145S-I160M-V204I-V223I,,,AL,
A/Utah/94/2024,0.0318,2024.898,2a.3a.1,J.2,EPI3732440,Usa,J.2:I160M-V204I-V223I,,,AL,
A/Indiana/46/2024,0.0307,2024.884,2a.3a.1,J.2,EPI3731859,Usa,J.2:S124R,,,AL,
A/Hungary/335/2024,0.0296,2024.96,2a.3a.1,J.2,EPI3861657,Hungary,J.2:D291G,,,AL,
A/Queensland/IN000803/2024,0.0313,2024.889,2a.3a.1,J.2.2,EPI3788360,Australia,J.2.2:G62R-P239Q,,,AL,
A/Maldives/2186/2024,0.033,2024.829,2a.3a.1,J.2.2,EPI3955919,Maldives,J.2.2:N145S-P239Q,,,AL,
A/Tasmania/850/2024,0.0324,2024.777,2a.3a.1,J.2.2,EPI3786231,Australia,J.2.2:T65K-N145S-V297I,,,AL,
A/Tasmania/790/2024,0.0324,2024.766,2a.3a.1,J.2.2,EPI3786295,Australia,J.2.2:T65K-N145S-I214T,,,AL,
A/Texas/ISC-1342/2025,0.0347,2025.114,2a.3a.1,J.2.2,EPI4050454,Usa,J.2.2:G49S-T65K-N145S-I214T-V323I,,,AL,
A/Delaware/86/2024,0.0318,2024.745,2a.3a.1,J.2.2,EPI3732038,Usa,J.2.2:T65K-N145S,,,AL,
A/Canberra/648/2024,0.033,2024.846,2a.3a.1,J.2.2,EPI3786327,Australia,J.2.2:T65K-N145S-I160K,,,AL,
A/Texas/ISC-1148/2025,0.0335,2025.034,2a.3a.1,J.2,EPI4047643,Usa,J.2:T135K-N145S,,,AL,
A/Washington/15079/2025,0.0341,2025.034,2a.3a.1,J.2,EPI3957178,Usa,J.2:T135K-N145S-K278R,,,AL,
A/NewMexico/58/2024,0.0324,2024.848,2a.3a.1,J.2,EPI3731482,Usa,J.2:S54R-E83K-N145S,,,AL,
A/Tennessee/99/2024,0.033,2024.846,2a.3a.1,J.2,EPI3731265,Usa,J.2:N63D-N145S,,,AL,
A/Vermont/13/2025,0.0358,2025.037,2a.3a.1,J.2,EPI4045820,Usa,J.2:N8D,,,AL,
A/PuntaArenas/101981/2024,0.0324,2024.963,2a.3a.1,J.2,EPI4047494,Chile,J.2:N8D-N145S,,,AL,
A/Wisconsin/NIRC-IS-1016/2024,0.0347,2024.832,2a.3a.1,J.2,EPI3735324,Usa,J.2:N8D-N63K-N145S-I267V,,,AL,
A/Texas/ISC-1322/2025,0.0347,2025.084,2a.3a.1,J.2,EPI4049481,Usa,J.2:N8D-N94K-N145S,,,AL,
A/Nebraska/31/2024,0.0341,2024.818,2a.3a.1,J.2,EPI3731305,Usa,J.2:N8D-S96I-N145S,,,AL,
A/Trieste/173/2025,0.0358,2025.171,2a.3a.1,J.2,EPI4147971,Italy,J.2:N8D-S9G-S96I-N145S-V223I,,,AL,
A/Pennsylvania/288/2024,,,,G.1.3.1,EPI3758846,Usa,G.1.3.1:K276E-I140M-G78S-G275D,,,JH,2024-11-04
A/Victoria/3482/2024,,,,J.1.1,EPI3902732,Australia,J.1.1:I214T-R33Q,,,JH,2024-12-05
A/Wisconsin/114/2024,,,,J.2,EPI3518567,Usa,J.2:S124R-S145N,,,JH,2024-07-15
A/Wisconsin/172/2024,,,,J.2,EPI3731789,Usa,J.2:S145N,,,JH,2024-11-12
A/Santa Catarina/333/2025,,,,J.2,EPI4120945,Brazil,J.2:K189R,,,JH,2025-01-05
A/Oregon/285/2024,,,,J.2,EPI3953549,Usa,J.2:K189R-T135K,,,JH,2024-12-23
A/Sao Paulo/358026766-IAL/2024,,,,J.2,EPI3759930,Brazil,J.2:N63D-K189R,,,JH,2024-11-11
A/Ghana/FS-25-0256/2025,,,,J.2,EPI4052846,Ghana,J.2:V112I-I223V-K189R,,,JH,2025-01-21
A/Sydney/43/2025,,,,J.2,EPI4111546,Australia,J.2:S145N-D104N,,,JH,2025-02-13
A/Netherlands/01502/2025,,,,J.2,EPI4120798,Netherlands,J.2:S145N-D104N-T135A,,,JH,2025-03-11
A/Massachusetts/ISC-1684/2025,,,,J.2,EPI4135913,Usa,J.2:S145N-D104N-N158K,,,JH,2025-03-02
A/Nevada/216/2024,,,,J.2,EPI3732472,Usa,J.2:R261Q-S145N,,,JH,2024-11-04
A/Tennessee/95/2024,,,,J.2,EPI3731297,Usa,J.2:V223I-K278R,,,JH,2024-11-02
A/Victoria/46/2024,,,,J.2,EPI3006820,Australia,J.2:V223I,,,JH,2024-01-26
A/Wisconsin/NIRC-IS-1125/2025,,,,J.2,EPI4150712,Usa,J.2:V223I-I48M-N63S-V112I,,,JH,2025-03-01
A/Victoria/96/2025,,,,J.2,EPI4102732,Australia,J.2:V223I-R92K-I25M-N133H,,,JH,2025-01-27
A/Wyoming/15345/2025,,,,J.2,EPI4043189,Usa,J.2:S145N-Q80R-K82R-I48V,,,JH,2025-02-03
A/Hawaii/ISC-1081/2025,,,,J.2,EPI4136826,Usa,J.2:T135K,,,JH,2025-03-04
A/Wyoming/06/2025,,,,J.2,EPI4130242,Usa,J.2:N8D,,,JH,2025-02-03
A/Netherlands/01500/2025,,,,J.2,EPI4120795,Netherlands,J.2:N158K-K189R,,,JH,2025-03-10
A/Rhode_Island/15446/2025,,,,J.2,EPI4082162,Usa,J.2:S145G-K189R,,,JH,2025-02-12
A/Minnesota/97/2024,,,,J.2.2,EPI3575595,Usa,J.2.2:T65K-S145N,,,JH,2024-08-05
A/Victoria/3480/2024,,,,J.2.2,EPI3902736,Australia,J.2.2:S145N-I214T,,,JH,2024-12-05
